Terminated_,Geography,Variable_1,Variable_2,Variable_3,Variable_4,Variable_5,Variable_6,Variable_7,Variable_8,Variable_9,Variable_10,Variable_11,Variable_12,Variable_13,Variable_14,,,,,,,,,,,,,,,,,,,,,,,,,,,,,,
0,1,0.139398281,0,1,0.099924511,0.042586751,0.747512438,0,0,1,0.006839747,-0.003,1,0,0,,,,,,,,,,,,,,,,,,,,,,,,,,,,,,
1,1,0.041977077,0,0,0.163642464,0.389589905,0.205223881,0,0,0,0.007102403,0.036,1,0,1,,,,,,,,,,,,,,,,,,,,,,,,,,,,,,
0,1,0.053151862,0,1,0.130567283,0.451104101,0.711442786,1,0,0,0.004145249,-0.396,0,0,0,,,,,,,,,,,,,,,,,,,,,,,,,,,,,,
0,0,0.085530086,1,1,0.102999972,0.042586751,0.067164179,0,1,0,0.006585705,-0.040,0,0,1,,,,,,,,,,,,,,,,,,,,,,,,,,,,,,
0,1,0.253724928,1,1,0.102328962,0.042586751,0.369402985,0,0,1,0.006828043,-0.004,1,0,0,,,,,,,,,,,,,,,,,,,,,,,,,,,,,,
0,0,0.129083095,1,1,0.118069729,0.385646688,0.109452736,1,0,0,0.002410438,-0.648,0,0,0,,,,,,,,,,,,,,,,,,,,,,,,,,,,,,
0,0,0.044269341,0,0,0.169877261,0.113564669,0.083333333,0,0,0,0.006171743,-0.100,1,0,0,,,,,,,,,,,,,,,,,,,,,,,,,,,,,,
0,1,0.132378223,1,1,0.213129421,0.089116719,0.344527363,0,0,0,0.009913726,0.446,0,1,0,,,,,,,,,,,,,,,,,,,,,,,,,,,,,,
0,1,0.048997135,0,1,0.112170436,0.428233438,0.121890547,1,0,0,0.003888292,-0.433,1,0,0,,,,,,,,,,,,,,,,,,,,,,,,,,,,,,
1,1,0.060028653,0,0,0.059663936,0.048107256,0.302238806,0,0,1,0.006962976,0.015,1,1,0,,,,,,,,,,,,,,,,,,,,,,,,,,,,,,
1,0,0.026504298,0,1,0.152542847,0.270504732,0.480099502,0,1,0,0.006343181,-0.075,0,0,0,,,,,,,,,,,,,,,,,,,,,,,,,,,,,,
0,1,0.102292264,1,1,0.133307239,0.042586751,0.140547264,0,1,0,0.006801425,-0.008,0,0,1,,,,,,,,,,,,,,,,,,,,,,,,,,,,,,
1,1,0.156590258,0,1,0.14320463,0.055993691,0.542288557,0,1,0,0.006751472,-0.015,1,0,0,,,,,,,,,,,,,,,,,,,,,,,,,,,,,,
1,0,0.060744986,0,1,0.127659574,0.181388013,0.155472637,0,1,0,0.006857493,0.000,1,0,0,,,,,,,,,,,,,,,,,,,,,,,,,,,,,,
1,1,0.01017192,0,1,0.267061817,0.214511041,0.140547264,0,1,0,0.006343181,-0.075,0,1,0,,,,,,,,,,,,,,,,,,,,,,,,,,,,,,
0,0,0.228796562,1,0,0.2122627,0.042586751,0.521144279,0,0,0,0.006873162,0.002,0,0,1,,,,,,,,,,,,,,,,,,,,,,,,,,,,,,
0,0,0.125644699,0,0,0.03044706,0.042586751,0.502487562,0,0,1,0.006990981,0.019,1,0,1,,,,,,,,,,,,,,,,,,,,,,,,,,,,,,
0,1,0.180372493,1,0,0.053149551,0.042586751,0.747512438,0,0,1,0.006792183,-0.010,1,0,1,,,,,,,,,,,,,,,,,,,,,,,,,,,,,,
0,0,0.191547278,0,0,0.309866637,0.042586751,0.450248756,0,0,0,0.006786494,-0.010,1,0,1,,,,,,,,,,,,,,,,,,,,,,,,,,,,,,
0,1,0.044126074,0,0,0.063242654,0.042586751,0.067164179,0,0,0,0.006770212,-0.013,1,0,1,,,,,,,,,,,,,,,,,,,,,,,,,,,,,,
0,0,0.270630372,0,1,1,0.06466877,0.449004975,0,0,0,1,144.826,1,0,0,,,,,,,,,,,,,,,,,,,,,,,,,,,,,,
0,0,0.127363897,0,1,0.17518942,0.315457413,0.369402985,1,0,0,0.001353744,-0.803,0,0,1,,,,,,,,,,,,,,,,,,,,,,,,,,,,,,
1,1,0.05,0,1,0.174294741,0.433753943,0.235074627,0,1,0,0.006540913,-0.046,1,1,0,,,,,,,,,,,,,,,,,,,,,,,,,,,,,,
0,1,0.185530086,0,1,0.281208936,0.042586751,0.861940299,0,0,0,0.006857493,0.000,0,0,0,,,,,,,,,,,,,,,,,,,,,,,,,,,,,,
0,0,0.176074499,1,1,0.122794755,0.042586751,0.976368159,0,1,0,0.007822234,0.141,1,0,1,,,,,,,,,,,,,,,,,,,,,,,,,,,,,,
0,1,0.283810888,0,1,0.151843878,0.042586751,0.35199005,0,0,1,0.006800902,-0.008,1,0,0,,,,,,,,,,,,,,,,,,,,,,,,,,,,,,
1,1,0.044842407,0,1,0.215841418,0.019716088,0.085820896,1,0,0,0.00310443,-0.547,0,0,0,,,,,,,,,,,,,,,,,,,,,,,,,,,,,,
1,1,0.03495702,0,1,0.073140045,0.165615142,0.26119403,0,0,0,0.006569264,-0.042,1,0,0,,,,,,,,,,,,,,,,,,,,,,,,,,,,,,
1,0,0.027363897,0,1,0.4373305,0.057570978,0.487562189,0,0,0,0.006171743,-0.100,1,0,0,,,,,,,,,,,,,,,,,,,,,,,,,,,,,,
0,1,0.103295129,1,0,0.209494786,0.042586751,0.067164179,0,0,0,0.00637604,-0.070,0,0,1,,,,,,,,,,,,,,,,,,,,,,,,,,,,,,
0,0,0.143409742,1,1,0.216148964,0.947949527,0.109452736,1,0,0,0.009153056,0.335,0,0,1,,,,,,,,,,,,,,,,,,,,,,,,,,,,,,
1,0,0.072636103,0,1,0.155422596,0.390378549,0.110696517,0,1,0,0.007206082,0.051,1,1,0,,,,,,,,,,,,,,,,,,,,,,,,,,,,,,
0,1,0.306876791,1,1,0.153633237,0.042586751,0.521144279,0,0,1,0.006830862,-0.004,0,0,1,,,,,,,,,,,,,,,,,,,,,,,,,,,,,,
1,1,0.16504298,1,0,0.089915285,0.264195584,0.23880597,0,0,1,0.006826594,-0.005,1,0,0,,,,,,,,,,,,,,,,,,,,,,,,,,,,,,
0,1,0.131375358,0,0,0.154416082,0.042586751,0.445273632,0,1,0,0.006711741,-0.021,1,0,0,,,,,,,,,,,,,,,,,,,,,,,,,,,,,,
0,0,0.048280802,0,1,0.046131909,0.042586751,0.067164179,0,1,0,0.006573729,-0.041,0,0,1,,,,,,,,,,,,,,,,,,,,,,,,,,,,,,
0,0,0.274498567,0,0,0.238571868,0.619085174,0.854477612,1,0,0,0.010026485,0.462,0,0,1,,,,,,,,,,,,,,,,,,,,,,,,,,,,,,
0,1,0.220630372,1,1,0.125087371,0.042586751,0.067164179,0,0,1,0.006434806,-0.062,1,0,1,,,,,,,,,,,,,,,,,,,,,,,,,,,,,,
0,0,0.056160458,0,0,0.157799089,0.042586751,0.737562189,0,0,1,0.006539225,-0.046,0,0,0,,,,,,,,,,,,,,,,,,,,,,,,,,,,,,
0,1,0.462320917,1,1,0.293175273,0.089116719,0.344527363,0,0,0,0.011662327,0.701,0,0,1,,,,,,,,,,,,,,,,,,,,,,,,,,,,,,
0,1,0.149426934,0,1,0.082058881,0.042586751,0.369402985,0,0,1,0.00677263,-0.012,1,0,0,,,,,,,,,,,,,,,,,,,,,,,,,,,,,,
0,1,0.039111748,0,1,0.117063215,0.042586751,0.589552239,0,1,0,0.006784036,-0.011,1,0,0,,,,,,,,,,,,,,,,,,,,,,,,,,,,,,
0,1,0.096275072,0,1,0.003858305,0.042586751,0.476368159,0,0,1,0.006753848,-0.015,1,0,0,,,,,,,,,,,,,,,,,,,,,,,,,,,,,,
0,0,0.043123209,0,0,0.045209271,0.042586751,0.502487562,0,0,1,0.006621217,-0.034,1,0,1,,,,,,,,,,,,,,,,,,,,,,,,,,,,,,
0,0,0.073209169,0,0,0.215198367,0.561514196,0.595771144,1,0,0,0.006316337,-0.079,0,0,1,,,,,,,,,,,,,,,,,,,,,,,,,,,,,,
0,1,0.038108883,1,0,0.129225264,0.042586751,0.580845771,0,0,0,0.006753576,-0.015,0,0,1,,,,,,,,,,,,,,,,,,,,,,,,,,,,,,
0,0,0.091260745,0,1,0.064305086,0.042586751,0.067164179,0,0,1,0.006939272,0.012,1,0,1,,,,,,,,,,,,,,,,,,,,,,,,,,,,,,
1,1,0.108166189,0,0,0.162048816,0.753154574,0.069651741,0,0,0,0.006857493,0.000,1,1,0,,,,,,,,,,,,,,,,,,,,,,,,,,,,,,
0,1,0.096275072,0,1,0.019319484,0.042586751,0.067164179,0,0,1,0.006705599,-0.022,1,0,1,,,,,,,,,,,,,,,,,,,,,,,,,,,,,,
0,0,0.086389685,0,1,0.074202477,0.042586751,1,0,1,0,0.007021627,0.024,1,0,0,,,,,,,,,,,,,,,,,,,,,,,,,,,,,,
0,0,0.05530086,0,1,0.020186205,0.042586751,0.067164179,0,1,0,0.006768302,-0.013,0,0,1,,,,,,,,,,,,,,,,,,,,,,,,,,,,,,
0,1,0.032091691,0,1,0.298207845,0.042586751,0.389303483,1,0,1,0.006679826,-0.026,1,0,1,,,,,,,,,,,,,,,,,,,,,,,,,,,,,,
0,1,0.089111748,0,1,0.065032013,0.042586751,0.067164179,0,0,1,0.00670334,-0.022,1,0,0,,,,,,,,,,,,,,,,,,,,,,,,,,,,,,
0,0,0.042120344,0,1,0.108451925,0.042586751,0.645522388,0,1,0,0.006783074,-0.011,1,0,1,,,,,,,,,,,,,,,,,,,,,,,,,,,,,,
0,0,0.12234957,0,1,0.105376464,0.042586751,0.123134328,0,0,0,0.006736068,-0.018,1,0,1,,,,,,,,,,,,,,,,,,,,,,,,,,,,,,
0,0,0.100859599,0,1,0.187155758,0.042586751,0.067164179,0,1,0,0.00702716,0.025,1,0,1,,,,,,,,,,,,,,,,,,,,,,,,,,,,,,
0,1,0.179512894,1,0,0.09642967,0.377760252,0.595771144,1,0,0,0.012202817,0.779,0,0,1,,,,,,,,,,,,,,,,,,,,,,,,,,,,,,
0,1,0.108309456,1,0,0.138731233,0.042586751,0.976368159,0,0,1,0.006835297,-0.003,0,0,1,,,,,,,,,,,,,,,,,,,,,,,,,,,,,,
0,1,0.225644699,0,1,0.141191601,0.042586751,0.446517413,0,1,0,0.006781652,-0.011,0,0,0,,,,,,,,,,,,,,,,,,,,,,,,,,,,,,
0,1,0.082234957,1,0,0.127743451,0.042586751,0.963930348,0,1,0,0.006979492,0.018,0,0,1,,,,,,,,,,,,,,,,,,,,,,,,,,,,,,
0,1,0.048997135,1,1,0.292727934,0.042586751,0.389303483,0,0,1,0.006835288,-0.003,0,0,1,,,,,,,,,,,,,,,,,,,,,,,,,,,,,,
0,0,0.085530086,0,1,0.084407415,0.042586751,0.521144279,0,1,0,0.006574317,-0.041,0,0,1,,,,,,,,,,,,,,,,,,,,,,,,,,,,,,
0,1,0.258739255,0,1,0.089635698,0.042586751,0.976368159,0,0,1,0.006787562,-0.010,1,0,0,,,,,,,,,,,,,,,,,,,,,,,,,,,,,,
0,0,0.056160458,0,1,0.025582241,0.042586751,0.067164179,0,1,0,0.006604782,-0.037,1,0,1,,,,,,,,,,,,,,,,,,,,,,,,,,,,,,
0,1,0.039111748,0,0,0.078703833,0.042586751,0.589552239,0,0,0,0.006784634,-0.011,1,0,1,,,,,,,,,,,,,,,,,,,,,,,,,,,,,,
0,0,0.070200573,0,1,0.173260268,0.385646688,0.360696517,1,0,0,0.000247536,-0.964,0,1,0,,,,,,,,,,,,,,,,,,,,,,,,,,,,,,
0,1,0.039111748,0,0,0.047585763,0.042586751,0.589552239,0,0,1,0.006758301,-0.014,1,1,0,,,,,,,,,,,,,,,,,,,,,,,,,,,,,,
0,1,0.09025788,0,1,0.043112366,0.042586751,0.976368159,0,1,0,0.006764564,-0.014,1,0,1,,,,,,,,,,,,,,,,,,,,,,,,,,,,,,
0,1,0.082234957,1,1,0.223362317,0.042586751,0.023631841,0,1,0,0.006727629,-0.019,0,0,0,,,,,,,,,,,,,,,,,,,,,,,,,,,,,,
0,0,0.074928367,0,1,0.154192412,0.042586751,0.900497512,0,1,0,0.006508657,-0.051,0,0,0,,,,,,,,,,,,,,,,,,,,,,,,,,,,,,
0,0,0.009025788,0,0,0.037241032,0.042586751,0.328358209,0,0,1,0.006341516,-0.075,1,0,0,,,,,,,,,,,,,,,,,,,,,,,,,,,,,,
0,1,0.021776504,0,1,0.041854223,0.042586751,0.23880597,0,1,0,0.006561743,-0.043,0,0,1,,,,,,,,,,,,,,,,,,,,,,,,,,,,,,
0,1,0.04713467,0,0,0.031453575,0.042586751,0.171641791,0,0,0,0.006792183,-0.010,1,0,0,,,,,,,,,,,,,,,,,,,,,,,,,,,,,,
0,1,0.12234957,0,1,0.061984511,0.042586751,0.171641791,0,0,0,0.006754297,-0.015,1,0,0,,,,,,,,,,,,,,,,,,,,,,,,,,,,,,
1,1,0.257163324,0,1,0.180249951,0.8170347,0.380597015,0,0,0,0.006857493,0.000,0,0,0,,,,,,,,,,,,,,,,,,,,,,,,,,,,,,
0,1,0.079226361,1,1,0.177202449,0.042586751,0.067164179,0,0,0,0.006399911,-0.067,0,0,1,,,,,,,,,,,,,,,,,,,,,,,,,,,,,,
0,1,0.032808023,1,1,0.314843291,0.042586751,0.534825871,0,0,0,0.006927422,0.010,0,0,1,,,,,,,,,,,,,,,,,,,,,,,,,,,,,,
0,1,0.019770774,1,1,0.327760226,0.089116719,0.421641791,0,1,0,0.004114496,-0.400,0,0,1,,,,,,,,,,,,,,,,,,,,,,,,,,,,,,
1,0,0.000859599,0,0,0.169597674,0.163249211,0.257462687,0,0,1,0.006171743,-0.100,1,0,0,,,,,,,,,,,,,,,,,,,,,,,,,,,,,,
0,1,0.111318052,0,1,0.114574887,0.042586751,0.445273632,0,1,0,0.006787607,-0.010,0,0,1,,,,,,,,,,,,,,,,,,,,,,,,,,,,,,
0,0,0.292979943,0,1,0.206223614,0.042586751,0.925373134,0,1,0,0.007034222,0.026,1,0,1,,,,,,,,,,,,,,,,,,,,,,,,,,,,,,
0,1,0.269770774,1,1,0.122151704,0.042586751,0.067164179,0,1,0,0.006759092,-0.014,0,0,1,,,,,,,,,,,,,,,,,,,,,,,,,,,,,,
0,0,0.013037249,0,1,0.36033215,0.230283912,0.36318408,1,0,0,0.004114496,-0.400,0,0,0,,,,,,,,,,,,,,,,,,,,,,,,,,,,,,
0,1,0.135386819,0,0,0.233735007,0.042586751,0.976368159,0,0,0,0.006486279,-0.054,1,0,0,,,,,,,,,,,,,,,,,,,,,,,,,,,,,,
0,1,0.28782235,0,1,0.178544468,0.042586751,0.476368159,0,0,0,0.006784585,-0.011,1,0,1,,,,,,,,,,,,,,,,,,,,,,,,,,,,,,
0,1,0.165329513,0,0,0.07216149,0.042586751,0.292288557,0,0,1,0.006809224,-0.007,1,0,1,,,,,,,,,,,,,,,,,,,,,,,,,,,,,,
0,0,0.091260745,1,0,0.093857466,0.042586751,0.671641791,0,0,1,0.007191238,0.049,1,0,0,,,,,,,,,,,,,,,,,,,,,,,,,,,,,,
0,0,0.083094556,0,1,0.09642967,0.042586751,0.240049751,0,0,0,0.007037295,0.026,1,0,1,,,,,,,,,,,,,,,,,,,,,,,,,,,,,,
0,1,0.059169054,0,1,0.171275198,0.042586751,0.763681592,0,0,1,0.006770915,-0.013,1,0,0,,,,,,,,,,,,,,,,,,,,,,,,,,,,,,
0,1,0.005014327,0,0,0.096038248,0.042586751,0.293532338,0,0,0,0.006081746,-0.113,0,0,1,,,,,,,,,,,,,,,,,,,,,,,,,,,,,,
0,1,0.364756447,1,1,0.092040149,0.042586751,0.067164179,0,1,0,0.006700577,-0.023,1,0,1,,,,,,,,,,,,,,,,,,,,,,,,,,,,,,
0,1,0.096275072,0,1,0.041854223,0.042586751,0.476368159,0,0,0,0.006784668,-0.011,1,0,1,,,,,,,,,,,,,,,,,,,,,,,,,,,,,,
0,1,0.065186246,0,1,0.186344955,0.517350158,0.482587065,0,1,0,0.006788905,-0.010,1,1,0,,,,,,,,,,,,,,,,,,,,,,,,,,,,,,
0,1,0.048997135,0,1,0.304694271,0.042586751,0.389303483,0,0,0,0.006662525,-0.028,0,0,0,,,,,,,,,,,,,,,,,,,,,,,,,,,,,,
0,1,0.035100287,0,1,0.149942685,0.351735016,0.125621891,1,0,0,0.009079584,0.324,1,0,0,,,,,,,,,,,,,,,,,,,,,,,,,,,,,,
0,1,0.099283668,0,1,0.088321637,0.042586751,0.067164179,1,0,0,0.009140695,0.333,0,0,1,,,,,,,,,,,,,,,,,,,,,,,,,,,,,,
0,0,0.085530086,0,0,0.099756759,0.042586751,0.55721393,0,0,0,0.006578442,-0.041,1,0,0,,,,,,,,,,,,,,,,,,,,,,,,,,,,,,
0,0,0.026790831,1,1,0.391590013,0.305993691,0.482587065,1,0,0,0.006801037,-0.008,0,0,1,,,,,,,,,,,,,,,,,,,,,,,,,,,,,,
0,1,0.053151862,0,0,0.128330584,0.042586751,0.711442786,0,0,0,0.006778782,-0.011,0,0,1,,,,,,,,,,,,,,,,,,,,,,,,,,,,,,
0,1,0.00974212,1,1,0.08032544,0.21214511,0.334577114,0,0,0,0.006137456,-0.105,0,0,0,,,,,,,,,,,,,,,,,,,,,,,,,,,,,,
0,1,0.010028653,0,1,0.190566724,0.213722397,0.058457711,0,1,0,0.006528518,-0.048,0,0,0,,,,,,,,,,,,,,,,,,,,,,,,,,,,,,
0,1,0.048997135,1,1,0.292560181,0.042586751,0.140547264,0,1,0,0.006790609,-0.010,0,0,0,,,,,,,,,,,,,,,,,,,,,,,,,,,,,,
0,1,0.400573066,0,1,0.102916096,0.042586751,0.528606965,0,1,0,0.006813938,-0.006,1,0,0,,,,,,,,,,,,,,,,,,,,,,,,,,,,,,
0,1,0.025071633,0,0,0.046159868,0.042586751,0.467661692,0,0,1,0.006499638,-0.052,1,0,1,,,,,,,,,,,,,,,,,,,,,,,,,,,,,,
0,0,0.143409742,0,1,0.089635698,0.042586751,0.925373134,0,1,0,0.006807304,-0.007,1,0,0,,,,,,,,,,,,,,,,,,,,,,,,,,,,,,
0,1,0.185530086,1,1,0.23521682,0.042586751,0.528606965,0,1,0,0.006715613,-0.021,0,0,0,,,,,,,,,,,,,,,,,,,,,,,,,,,,,,
0,1,0.148424069,0,0,0.036821651,0.042586751,0.976368159,0,0,1,0.006760955,-0.014,1,0,1,,,,,,,,,,,,,,,,,,,,,,,,,,,,,,
0,0,0.07034384,0,1,0.135096597,0.042586751,0.067164179,0,1,0,0.006881303,0.003,1,0,1,,,,,,,,,,,,,,,,,,,,,,,,,,,,,,
0,1,0.022063037,0,1,0.018061341,0.042586751,0.441542289,0,0,0,0.006503023,-0.052,1,0,1,,,,,,,,,,,,,,,,,,,,,,,,,,,,,,
0,0,0.031088825,0,1,0.130315654,0.042586751,0.631840796,0,1,0,0.006574289,-0.041,1,0,0,,,,,,,,,,,,,,,,,,,,,,,,,,,,,,
0,1,0.048997135,0,1,0.040400369,0.042586751,0.389303483,0,0,1,0.006787559,-0.010,1,0,0,,,,,,,,,,,,,,,,,,,,,,,,,,,,,,
1,0,0.028796562,1,0,0.079235049,0.041009464,0.5,0,0,1,0.006472054,-0.056,1,0,0,,,,,,,,,,,,,,,,,,,,,,,,,,,,,,
0,1,0.048997135,0,1,0.134984762,0.042586751,0.292288557,0,1,0,0.006776316,-0.012,0,0,1,,,,,,,,,,,,,,,,,,,,,,,,,,,,,,
0,1,0.053151862,0,1,0.073783096,0.042586751,0.067164179,0,1,0,0.006723016,-0.020,1,0,1,,,,,,,,,,,,,,,,,,,,,,,,,,,,,,
0,1,0.149426934,0,0,0.099197584,0.042586751,0.976368159,0,1,0,0.00678224,-0.011,1,0,0,,,,,,,,,,,,,,,,,,,,,,,,,,,,,,
0,0,0.038252149,0,1,0.27869265,0.042586751,0.582089552,0,1,0,0.006603138,-0.037,1,0,1,,,,,,,,,,,,,,,,,,,,,,,,,,,,,,
0,1,0.026074499,0,1,0.122403333,0.302050473,0.114427861,1,0,0,0.003296608,-0.519,1,1,0,,,,,,,,,,,,,,,,,,,,,,,,,,,,,,
1,0,0.091977077,0,1,0.176838986,0.047318612,0.932835821,0,1,0,0.006819064,-0.006,1,0,0,,,,,,,,,,,,,,,,,,,,,,,,,,,,,,
0,1,0.106303725,1,1,0.211647608,0.042586751,0.36318408,0,1,0,0.006853011,-0.001,0,0,1,,,,,,,,,,,,,,,,,,,,,,,,,,,,,,
0,1,0.027077364,1,1,0.213436967,0.089116719,0.344527363,0,0,0,0.004467754,-0.348,0,0,1,,,,,,,,,,,,,,,,,,,,,,,,,,,,,,
0,0,0.091117479,0,1,0.179439148,0.042586751,0.925373134,0,1,0,0.007054646,0.029,1,0,0,,,,,,,,,,,,,,,,,,,,,,,,,,,,,,
0,1,0.069197708,1,1,0.183017866,0.042586751,0.850746269,0,1,0,0.006758574,-0.014,0,0,1,,,,,,,,,,,,,,,,,,,,,,,,,,,,,,
0,1,0.026074499,0,1,0.019375402,0.042586751,0.39800995,0,0,1,0.006517883,-0.050,1,0,1,,,,,,,,,,,,,,,,,,,,,,,,,,,,,,
0,1,0.026790831,1,1,0.198842508,0.042586751,0.482587065,0,0,0,0.00682714,-0.004,0,0,0,,,,,,,,,,,,,,,,,,,,,,,,,,,,,,
0,1,0.056160458,0,0,0.087958174,0.467665615,0.344527363,1,0,0,0.004161127,-0.393,0,0,0,,,,,,,,,,,,,,,,,,,,,,,,,,,,,,
0,0,0.225644699,0,1,0.133866413,0.33044164,0.925373134,0,1,0,0.007013129,0.023,1,0,0,,,,,,,,,,,,,,,,,,,,,,,,,,,,,,
0,1,0.016905444,0,1,0.086252691,0.042586751,0.396766169,0,0,1,0.006508024,-0.051,1,0,1,,,,,,,,,,,,,,,,,,,,,,,,,,,,,,
1,1,0.062464183,0,0,0.042665026,0,0,0,0,0,0.0068102,-0.007,1,0,1,,,,,,,,,,,,,,,,,,,,,,,,,,,,,,
0,0,0.009025788,0,1,0.121704364,0.208201893,0.328358209,1,0,0,0.003248286,-0.526,1,0,1,,,,,,,,,,,,,,,,,,,,,,,,,,,,,,
0,0,0.085530086,1,1,0.103139766,0.042586751,0.119402985,0,1,0,0.006484132,-0.054,0,0,0,,,,,,,,,,,,,,,,,,,,,,,,,,,,,,
0,1,0.186246418,0,0,0.071602315,0.042586751,0.976368159,0,0,1,0.006684409,-0.025,1,0,0,,,,,,,,,,,,,,,,,,,,,,,,,,,,,,
0,1,0.026074499,0,1,0.12930914,0.302050473,0.349502488,0,1,0,0.006446043,-0.060,0,1,0,,,,,,,,,,,,,,,,,,,,,,,,,,,,,,
0,1,0.039111748,0,1,0.074733693,0.042586751,0.067164179,0,0,0,0.006643137,-0.031,0,0,1,,,,,,,,,,,,,,,,,,,,,,,,,,,,,,
0,1,0.069197708,0,1,0.045824363,0.042586751,0.528606965,0,1,0,0.006764013,-0.014,1,0,1,,,,,,,,,,,,,,,,,,,,,,,,,,,,,,
0,1,0.220630372,0,1,0.275281684,0.33044164,0.976368159,1,0,0,0.016748046,1.442,0,0,1,,,,,,,,,,,,,,,,,,,,,,,,,,,,,,
0,1,0.033954155,1,0,0.157743171,0.042586751,0.544776119,0,0,1,0.006696942,-0.023,0,1,0,,,,,,,,,,,,,,,,,,,,,,,,,,,,,,
1,0,0.055873926,0,1,0.13283194,0.466088328,0.440298507,0,0,0,0.006857493,0.000,1,0,0,,,,,,,,,,,,,,,,,,,,,,,,,,,,,,
0,1,0.22965616,0,1,0.133447032,0.042586751,0.521144279,0,1,0,0.006762335,-0.014,0,0,1,,,,,,,,,,,,,,,,,,,,,,,,,,,,,,
0,1,0.242550143,1,0,0.113903878,0.042586751,0.067164179,0,0,1,0.006695532,-0.024,1,0,1,,,,,,,,,,,,,,,,,,,,,,,,,,,,,,
0,1,0.051146132,1,1,0.151116951,0.440063091,0.694029851,1,0,0,0.006634463,-0.033,0,0,1,,,,,,,,,,,,,,,,,,,,,,,,,,,,,,
1,0,0.011891117,1,1,0.161825146,0.223974763,0.353233831,1,0,0,0.001959284,-0.714,0,0,0,,,,,,,,,,,,,,,,,,,,,,,,,,,,,,
0,1,0.513467049,1,0,0.23124668,0.042586751,0.976368159,0,0,0,0.006711772,-0.021,0,0,0,,,,,,,,,,,,,,,,,,,,,,,,,,,,,,
0,0,0.085530086,0,1,0.076523052,0.042586751,0.992537313,0,1,0,0.00654612,-0.045,0,0,0,,,,,,,,,,,,,,,,,,,,,,,,,,,,,,
0,0,0.176074499,1,1,0.157016244,0.042586751,0.421641791,0,1,0,0.007851291,0.145,1,0,1,,,,,,,,,,,,,,,,,,,,,,,,,,,,,,
0,1,0.043123209,0,1,0.175804513,0.042586751,0.389303483,0,1,0,0.006730614,-0.019,1,0,1,,,,,,,,,,,,,,,,,,,,,,,,,,,,,,
0,1,0.048997135,0,1,0.189839796,0.042586751,0.121890547,1,0,0,0.005496437,-0.198,1,0,0,,,,,,,,,,,,,,,,,,,,,,,,,,,,,,
0,1,0.018767908,1,0,0.191768949,0.042586751,0.412935323,0,0,0,0.006445126,-0.060,0,0,1,,,,,,,,,,,,,,,,,,,,,,,,,,,,,,
0,1,0.258739255,0,1,0.07392289,0.042586751,0.671641791,1,0,0,0.015870482,1.314,1,0,1,,,,,,,,,,,,,,,,,,,,,,,,,,,,,,
0,0,0.068051576,0,0,0.051611821,0.042586751,0.441542289,0,0,0,0.007284697,0.062,1,0,0,,,,,,,,,,,,,,,,,,,,,,,,,,,,,,
1,0,0.007879656,0,1,0.129840356,0.193217666,0.31840796,0,0,0,0.005143119,-0.250,1,0,0,,,,,,,,,,,,,,,,,,,,,,,,,,,,,,
0,0,0.113323782,0,0,0.09156485,0.042586751,0.128109453,1,0,0,0.000459024,-0.933,0,0,1,,,,,,,,,,,,,,,,,,,,,,,,,,,,,,
0,1,0.103295129,1,0,0.091061593,0.042586751,0.976368159,0,0,0,0.006748423,-0.016,0,0,1,,,,,,,,,,,,,,,,,,,,,,,,,,,,,,
0,0,0.109598854,0,1,0.107864792,0.042586751,0.925373134,0,1,0,0.006791374,-0.010,1,0,0,,,,,,,,,,,,,,,,,,,,,,,,,,,,,,
0,1,0.10730659,1,0,0.076383258,0.042586751,0.067164179,0,0,0,0.00670509,-0.022,0,0,1,,,,,,,,,,,,,,,,,,,,,,,,,,,,,,
0,0,0.056160458,0,0,0.044622138,0.042586751,0.067164179,0,0,0,0.006727617,-0.019,1,0,1,,,,,,,,,,,,,,,,,,,,,,,,,,,,,,
0,0,0.005157593,1,1,0.149998602,0.186908517,0.294776119,0,1,0,0.006122027,-0.107,0,0,1,,,,,,,,,,,,,,,,,,,,,,,,,,,,,,
0,1,0.039111748,0,0,0.28618559,0.042586751,0.589552239,0,0,0,0.006784611,-0.011,1,0,0,,,,,,,,,,,,,,,,,,,,,,,,,,,,,,
0,0,0.105444126,0,1,0.202533061,0.33044164,0.747512438,0,1,0,0.007001848,0.021,1,1,0,,,,,,,,,,,,,,,,,,,,,,,,,,,,,,
0,1,0.198567335,0,1,0.279531412,0.042586751,0.528606965,0,1,0,0.00680422,-0.008,1,0,1,,,,,,,,,,,,,,,,,,,,,,,,,,,,,,
1,1,0.128939828,0,1,0.142729332,0.186119874,0.293532338,0,0,1,0.006818716,-0.006,1,0,0,,,,,,,,,,,,,,,,,,,,,,,,,,,,,,
1,1,0.0247851,0,1,0.16548774,0.294952681,0.251243781,0,1,0,0.006904946,0.007,1,0,0,,,,,,,,,,,,,,,,,,,,,,,,,,,,,,
0,0,0,0,1,0.020325999,0.15851735,0.25,0,0,1,0.006171743,-0.100,1,0,0,,,,,,,,,,,,,,,,,,,,,,,,,,,,,,
0,0,0.005157593,0,1,0.086364526,0.186908517,0.067164179,0,1,0,0.006334609,-0.076,1,0,1,,,,,,,,,,,,,,,,,,,,,,,,,,,,,,
0,0,0.10730659,0,1,0.111387592,0.042586751,0.521144279,0,0,1,0.006956247,0.014,1,0,1,,,,,,,,,,,,,,,,,,,,,,,,,,,,,,
0,1,0.417765043,0,1,0.136466575,0.042586751,0.067164179,0,0,1,0.006736021,-0.018,1,0,1,,,,,,,,,,,,,,,,,,,,,,,,,,,,,,
1,0,0.049856734,0,1,0.017921548,0.056782334,0.089552239,0,1,0,0.006579502,-0.041,1,0,1,,,,,,,,,,,,,,,,,,,,,,,,,,,,,,
0,0,0.048280802,0,0,0.037660413,0.042586751,0.667910448,0,1,0,0.006567002,-0.042,1,0,1,,,,,,,,,,,,,,,,,,,,,,,,,,,,,,
0,1,0.22234957,0,0,0.117846059,0.042586751,0.067164179,0,0,0,0.006808533,-0.007,1,0,1,,,,,,,,,,,,,,,,,,,,,,,,,,,,,,
0,1,0.009025788,0,1,0.065255683,0.208201893,0.328358209,0,1,0,0.006550983,-0.045,0,0,0,,,,,,,,,,,,,,,,,,,,,,,,,,,,,,
0,1,0.094269341,0,0,0.060418822,0.042586751,0.131840796,0,0,0,0.006818666,-0.006,1,0,1,,,,,,,,,,,,,,,,,,,,,,,,,,,,,,
0,0,0.004011461,0,1,0.305980373,0.042586751,0.036069652,0,0,1,0.006338187,-0.076,1,0,0,,,,,,,,,,,,,,,,,,,,,,,,,,,,,,
0,1,0.080229226,0,1,0.109402522,0.600157729,0.577114428,1,0,0,0.016151241,1.355,0,0,1,,,,,,,,,,,,,,,,,,,,,,,,,,,,,,
0,1,0.039111748,0,1,0.072245366,0.042586751,0.589552239,0,0,0,0.006784611,-0.011,1,0,0,,,,,,,,,,,,,,,,,,,,,,,,,,,,,,
0,1,0.044126074,0,0,0.053037716,0.042586751,0.067164179,0,0,1,0.006768633,-0.013,1,0,1,,,,,,,,,,,,,,,,,,,,,,,,,,,,,,
1,1,0.237535817,1,1,0.077920989,0.220820189,0.348258706,0,0,0,0.0068331,-0.004,1,0,0,,,,,,,,,,,,,,,,,,,,,,,,,,,,,,
0,0,0.122206304,1,1,0.13657841,0.042586751,0.595771144,0,1,0,0.006715268,-0.021,1,0,1,,,,,,,,,,,,,,,,,,,,,,,,,,,,,,
0,1,0.014899713,0,1,0.029776051,0.042586751,0.379353234,0,0,1,0.00647512,-0.056,1,1,0,,,,,,,,,,,,,,,,,,,,,,,,,,,,,,
0,1,0.0247851,0,1,0.176950821,0.294952681,0.465174129,1,0,0,0.006161246,-0.102,1,0,1,,,,,,,,,,,,,,,,,,,,,,,,,,,,,,
0,1,0.010601719,0,1,0.133922331,0.216876972,0.342039801,0,1,0,0.006334609,-0.076,0,0,0,,,,,,,,,,,,,,,,,,,,,,,,,,,,,,
0,1,0.044126074,0,1,0.119775212,0.042586751,0.067164179,0,1,0,0.006796621,-0.009,0,0,1,,,,,,,,,,,,,,,,,,,,,,,,,,,,,,
1,1,0.094126074,1,1,0.424189896,0.111198738,0.189054726,0,0,0,0.007661956,0.117,0,0,0,,,,,,,,,,,,,,,,,,,,,,,,,,,,,,
1,1,0.008452722,0,0,0.283585428,0.205047319,0.243781095,1,0,0,0,-1.000,0,0,0,,,,,,,,,,,,,,,,,,,,,,,,,,,,,,
0,1,0.048997135,0,1,0.031285822,0.042586751,0.067164179,0,1,0,0.006748411,-0.016,1,0,1,,,,,,,,,,,,,,,,,,,,,,,,,,,,,,
1,0,0.005873926,0,0,0.095171527,0.045741325,0.054726368,0,1,0,0.007003214,0.021,1,1,0,,,,,,,,,,,,,,,,,,,,,,,,,,,,,,
1,1,0.143696275,0,0,0.287807197,0.11829653,0.186567164,0,0,0,0.006616755,-0.035,1,0,0,,,,,,,,,,,,,,,,,,,,,,,,,,,,,,
1,1,0.119054441,0,1,0.146587637,0.518927445,0.589552239,0,1,0,0.006793489,-0.009,0,1,0,,,,,,,,,,,,,,,,,,,,,,,,,,,,,,
0,1,0.18252149,0,0,0.051108564,0.042586751,0.671641791,0,1,0,0.006679814,-0.026,0,0,0,,,,,,,,,,,,,,,,,,,,,,,,,,,,,,
0,1,0.06217765,0,1,0.097464143,0.042586751,0.789800995,0,1,0,0.006710973,-0.021,1,0,1,,,,,,,,,,,,,,,,,,,,,,,,,,,,,,
0,1,0.160458453,0,0,0.084854754,0.042586751,0.067164179,0,1,0,0.006120331,-0.107,1,0,1,,,,,,,,,,,,,,,,,,,,,,,,,,,,,,
0,1,0.15243553,0,0,0.102552632,0.042586751,0.528606965,0,1,0,0.006753974,-0.015,1,0,0,,,,,,,,,,,,,,,,,,,,,,,,,,,,,,
1,1,0.151289398,0,0,0.221740711,0.221608833,0.200248756,0,0,0,0.007136872,0.041,1,0,0,,,,,,,,,,,,,,,,,,,,,,,,,,,,,,
0,0,0.066189112,0,1,0.264042274,0.385646688,0.074626866,1,0,0,0.001371499,-0.800,0,0,1,,,,,,,,,,,,,,,,,,,,,,,,,,,,,,
0,1,0.018911175,0,0,0.108899265,0.042586751,0.414179104,0,0,0,0.006433942,-0.062,0,0,0,,,,,,,,,,,,,,,,,,,,,,,,,,,,,,
0,1,0.026074499,0,0,0.064025498,0.042586751,0.389303483,0,0,1,0.006504631,-0.051,1,0,0,,,,,,,,,,,,,,,,,,,,,,,,,,,,,,
0,1,0.342979943,1,0,0.087426958,0.042586751,0.067164179,0,0,1,0.006779591,-0.011,1,0,1,,,,,,,,,,,,,,,,,,,,,,,,,,,,,,
0,0,0.203438395,1,1,0.155310761,0.042586751,0.747512438,0,0,1,0.007020782,0.024,1,0,0,,,,,,,,,,,,,,,,,,,,,,,,,,,,,,
0,0,0.368051576,0,1,0.308776246,0.042586751,0.449004975,0,0,0,0.006785397,-0.011,1,0,0,,,,,,,,,,,,,,,,,,,,,,,,,,,,,,
0,0,0.009025788,0,0,0.086672072,0.042586751,0.328358209,0,0,1,0.006324692,-0.078,1,0,0,,,,,,,,,,,,,,,,,,,,,,,,,,,,,,
0,0,0.065186246,0,1,0.096988844,0.042586751,0.067164179,0,0,1,0.006713149,-0.021,1,0,1,,,,,,,,,,,,,,,,,,,,,,,,,,,,,,
0,1,0.196418338,0,1,0.040875668,0.042586751,0.223880597,0,0,0,0.00678466,-0.011,1,0,1,,,,,,,,,,,,,,,,,,,,,,,,,,,,,,
0,1,0.070200573,0,0,0.289652473,0.042586751,0.748756219,0,0,0,0.006850867,-0.001,1,0,1,,,,,,,,,,,,,,,,,,,,,,,,,,,,,,
0,1,0.018911175,0,0,0.057986412,0.262618297,0.125621891,1,0,0,0.000893531,-0.870,1,0,0,,,,,,,,,,,,,,,,,,,,,,,,,,,,,,
0,0,0.063323782,0,1,0.00243241,0.042586751,0.799751244,0,1,0,0.006728228,-0.019,1,0,1,,,,,,,,,,,,,,,,,,,,,,,,,,,,,,
0,1,0.031088825,1,1,0.234433975,0.042586751,0.389303483,0,0,1,0.006777599,-0.012,0,0,1,,,,,,,,,,,,,,,,,,,,,,,,,,,,,,
0,1,0.0752149,1,0,0.267676909,0.572555205,0.902985075,1,0,0,0.011238564,0.639,0,0,0,,,,,,,,,,,,,,,,,,,,,,,,,,,,,,
0,1,0.022063037,0,1,0.019403361,0.042586751,0.441542289,0,0,1,0.006492148,-0.053,1,0,0,,,,,,,,,,,,,,,,,,,,,,,,,,,,,,
0,0,0.029799427,0,1,0.055861548,0.042586751,0.067164179,0,1,0,0.006602934,-0.037,1,0,1,,,,,,,,,,,,,,,,,,,,,,,,,,,,,,
0,0,0.118481375,0,0,0.200883496,0.042586751,0.925373134,0,0,0,0.00698381,0.018,1,1,0,,,,,,,,,,,,,,,,,,,,,,,,,,,,,,
0,0,0.022063037,1,1,0.182235021,0.042586751,0.441542289,0,0,0,0.006292758,-0.082,0,0,1,,,,,,,,,,,,,,,,,,,,,,,,,,,,,,
0,0,0.048137536,0,0,0.11672771,0.042586751,0.449004975,0,0,0,0.006831206,-0.004,1,0,0,,,,,,,,,,,,,,,,,,,,,,,,,,,,,,
0,0,0.019197708,0,1,0.070204378,0.264195584,0.416666667,0,1,0,0.006514618,-0.050,1,0,1,,,,,,,,,,,,,,,,,,,,,,,,,,,,,,
0,1,0.398997135,1,1,0.190734476,0.042586751,0.067164179,0,1,0,0.006422339,-0.063,1,0,1,,,,,,,,,,,,,,,,,,,,,,,,,,,,,,
0,0,0.07034384,0,1,0.227080829,0.422712934,0.860696517,0,1,0,0.006900923,0.006,1,0,0,,,,,,,,,,,,,,,,,,,,,,,,,,,,,,
0,0,0.083094556,0,1,0.106075433,0.042586751,0.799751244,0,1,0,0.007018604,0.023,1,0,1,,,,,,,,,,,,,,,,,,,,,,,,,,,,,,
0,0,0.06017192,0,0,0.122291498,0.042586751,0.449004975,0,0,0,0.006835669,-0.003,1,0,1,,,,,,,,,,,,,,,,,,,,,,,,,,,,,,
0,1,0.031088825,0,0,0.151732044,0.329652997,0.519900498,1,0,0,0.001061295,-0.845,1,0,1,,,,,,,,,,,,,,,,,,,,,,,,,,,,,,
0,0,0.052148997,0,0,0.028573825,0.042586751,0.067164179,0,0,0,0.006571765,-0.042,1,0,1,,,,,,,,,,,,,,,,,,,,,,,,,,,,,,
0,0,0.029226361,0,1,0.120865602,0.042586751,0.503731343,0,1,0,0.006603138,-0.037,1,0,1,,,,,,,,,,,,,,,,,,,,,,,,,,,,,,
0,1,0.565616046,1,1,0.207453798,0.042586751,0.067164179,0,0,1,0.00681394,-0.006,0,0,0,,,,,,,,,,,,,,,,,,,,,,,,,,,,,,
0,0,0.083667622,1,1,0.080968491,0.042586751,0.067164179,0,1,0,0.006868991,0.002,0,0,1,,,,,,,,,,,,,,,,,,,,,,,,,,,,,,
0,1,0.070200573,0,1,0.182850113,0.042586751,0.482587065,0,1,0,0.006775871,-0.012,0,0,1,,,,,,,,,,,,,,,,,,,,,,,,,,,,,,
0,1,0.070200573,0,1,0.137864512,0.042586751,0.067164179,0,1,0,0.006792198,-0.010,1,0,1,,,,,,,,,,,,,,,,,,,,,,,,,,,,,,
0,1,0.492406877,1,1,0.127939162,0.042586751,0.067164179,0,0,1,0.006753591,-0.015,1,0,1,,,,,,,,,,,,,,,,,,,,,,,,,,,,,,
0,1,0.080229226,1,1,0.108619677,0.042586751,0.36318408,0,1,0,0.006822539,-0.005,0,0,0,,,,,,,,,,,,,,,,,,,,,,,,,,,,,,
0,0,0.113467049,1,1,0.175888389,0.042586751,0.747512438,0,1,0,0.006645901,-0.031,1,0,1,,,,,,,,,,,,,,,,,,,,,,,,,,,,,,
0,0,0.090401146,0,1,0.193642184,0.042586751,0.925373134,0,1,0,0.00702893,0.025,1,0,0,,,,,,,,,,,,,,,,,,,,,,,,,,,,,,
0,0,0.113467049,0,1,0.228478765,0.042586751,0.925373134,0,1,0,0.007021665,0.024,1,0,0,,,,,,,,,,,,,,,,,,,,,,,,,,,,,,
0,1,0.375787966,0,0,0.151676126,0.33044164,0.067164179,0,1,0,0.006771791,-0.012,0,1,0,,,,,,,,,,,,,,,,,,,,,,,,,,,,,,
0,1,0.005014327,0,1,0.156149523,0.186119874,0.293532338,1,0,0,0.002319446,-0.662,0,0,0,,,,,,,,,,,,,,,,,,,,,,,,,,,,,,
1,1,0.041977077,0,1,0.005647664,0.389589905,0.504975124,0,0,0,0.006400372,-0.067,1,1,0,,,,,,,,,,,,,,,,,,,,,,,,,,,,,,
0,1,0.018051576,0,0,0.013755697,0.042586751,0.067164179,0,0,1,0.0065038,-0.052,1,0,1,,,,,,,,,,,,,,,,,,,,,,,,,,,,,,
0,0,0.109455587,0,1,0.143036878,0.042586751,0.521144279,0,1,0,0.007096938,0.035,1,0,1,,,,,,,,,,,,,,,,,,,,,,,,,,,,,,
0,0,0.074212034,0,1,0.11804177,0.089116719,0.894278607,1,0,0,0.008695552,0.268,0,0,1,,,,,,,,,,,,,,,,,,,,,,,,,,,,,,
0,0,0.096418338,0,0,0.112477982,0.042586751,0.925373134,0,0,0,0.00700657,0.022,1,1,0,,,,,,,,,,,,,,,,,,,,,,,,,,,,,,
1,0,0.116045845,0,1,0.13504068,0.272870662,0.834577114,0,1,0,0.006905701,0.007,1,0,0,,,,,,,,,,,,,,,,,,,,,,,,,,,,,,
0,1,0.12034384,0,0,0.164676937,0.042586751,0.976368159,0,0,1,0.006691046,-0.024,0,0,0,,,,,,,,,,,,,,,,,,,,,,,,,,,,,,
0,1,0.021060172,0,1,0.039897112,0.042586751,0.432835821,0,1,0,0.006494249,-0.053,1,0,0,,,,,,,,,,,,,,,,,,,,,,,,,,,,,,
0,1,0.012034384,0,1,0.058769257,0.042586751,0.354477612,1,0,1,0.006635567,-0.032,1,0,1,,,,,,,,,,,,,,,,,,,,,,,,,,,,,,
0,1,0.039111748,0,1,0.121536612,0.042586751,0.067164179,0,1,0,0.006698466,-0.023,0,0,1,,,,,,,,,,,,,,,,,,,,,,,,,,,,,,
0,1,0.048997135,1,1,0.103531188,0.042586751,0.292288557,0,1,0,0.006832929,-0.004,0,0,0,,,,,,,,,,,,,,,,,,,,,,,,,,,,,,
0,0,0.051146132,0,0,0.02868566,0.440063091,0.702736318,0,0,1,0.006591193,-0.039,1,0,0,,,,,,,,,,,,,,,,,,,,,,,,,,,,,,
1,1,0.016618911,0,1,0.057119691,0.034700315,0.394278607,0,0,1,0.006499638,-0.052,1,0,0,,,,,,,,,,,,,,,,,,,,,,,,,,,,,,
0,0,0.063323782,1,1,0.140436715,0.042586751,0.799751244,0,1,0,0.006416349,-0.064,1,0,1,,,,,,,,,,,,,,,,,,,,,,,,,,,,,,
0,1,0.080229226,0,1,0.216400593,0.042586751,0.067164179,0,1,0,0.006764754,-0.014,1,0,1,,,,,,,,,,,,,,,,,,,,,,,,,,,,,,
0,0,0.043266476,0,1,0.362624766,0.042586751,0.61318408,0,1,0,0.006603138,-0.037,1,0,1,,,,,,,,,,,,,,,,,,,,,,,,,,,,,,
1,0,0.011891117,0,0,0.068051556,0.223974763,0.060945274,0,0,1,0.006294035,-0.082,1,0,0,,,,,,,,,,,,,,,,,,,,,,,,,,,,,,
0,0,0.035100287,0,0,0.127715492,0.351735016,0.554726368,1,0,0,0.000507962,-0.926,1,0,0,,,,,,,,,,,,,,,,,,,,,,,,,,,,,,
0,1,0.12234957,1,0,0.042245645,0.042586751,0.067164179,0,0,1,0.006419568,-0.064,1,0,1,,,,,,,,,,,,,,,,,,,,,,,,,,,,,,
1,0,1,1,1,0.261442111,0.386435331,0.478855721,0,0,0,0.005143119,-0.250,1,0,0,,,,,,,,,,,,,,,,,,,,,,,,,,,,,,
0,1,0.046131805,0,0,0.050856935,0.042586751,0.067164179,0,0,1,0.00675025,-0.016,1,0,1,,,,,,,,,,,,,,,,,,,,,,,,,,,,,,
0,1,0.111318052,0,0,0.092151984,0.042586751,0.476368159,0,0,1,0.006770133,-0.013,0,0,0,,,,,,,,,,,,,,,,,,,,,,,,,,,,,,
0,1,0.231661891,1,1,0.10856376,0.377760252,0.595771144,1,0,0,0.01467234,1.140,0,0,1,,,,,,,,,,,,,,,,,,,,,,,,,,,,,,
0,1,0.103295129,0,1,0.053009758,0.042586751,0.476368159,0,0,1,0.006755828,-0.015,0,1,0,,,,,,,,,,,,,,,,,,,,,,,,,,,,,,
0,1,0.096275072,0,1,0.057762742,0.042586751,0.067164179,0,0,0,0.006770212,-0.013,1,0,1,,,,,,,,,,,,,,,,,,,,,,,,,,,,,,
0,1,0.04713467,0,1,0.05449157,0.042586751,0.419154229,0,1,0,0.006784611,-0.011,1,0,0,,,,,,,,,,,,,,,,,,,,,,,,,,,,,,
0,0,0.096418338,0,1,0.08804205,0.042586751,0.067164179,0,0,0,0.006932969,0.011,1,0,1,,,,,,,,,,,,,,,,,,,,,,,,,,,,,,
0,1,0.04713467,0,0,0.065954651,0.042586751,0.292288557,0,0,1,0.006733174,-0.018,1,1,0,,,,,,,,,,,,,,,,,,,,,,,,,,,,,,
0,0,0.207593123,1,1,0.095786619,0.042586751,0.23880597,0,0,0,0.006476327,-0.056,1,0,1,,,,,,,,,,,,,,,,,,,,,,,,,,,,,,
0,0,0.111318052,0,0,0.174965751,0.377760252,0.360696517,1,0,0,0.001356138,-0.802,0,0,0,,,,,,,,,,,,,,,,,,,,,,,,,,,,,,
0,0,0.064183381,0,1,0.071071099,0.042586751,0.067164179,0,1,0,0.006636086,-0.032,1,0,1,,,,,,,,,,,,,,,,,,,,,,,,,,,,,,
0,1,0.489541547,1,1,0.150501859,0.042586751,0.067164179,0,1,0,0.006436691,-0.061,1,0,1,,,,,,,,,,,,,,,,,,,,,,,,,,,,,,
0,1,0.06017192,0,1,0.155618307,0.042586751,0.194029851,0,0,0,0.006784638,-0.011,1,0,0,,,,,,,,,,,,,,,,,,,,,,,,,,,,,,
1,1,0.088825215,0,0,0.059468225,0.197949527,0.083333333,0,0,1,0.00680973,-0.007,1,0,0,,,,,,,,,,,,,,,,,,,,,,,,,,,,,,
0,0,0.192550143,0,1,0.069589286,0.042586751,0.067164179,0,0,0,0.006739504,-0.017,1,0,1,,,,,,,,,,,,,,,,,,,,,,,,,,,,,,
0,1,0.048997135,0,0,0.096289876,0.042586751,0.121890547,1,0,0,0.005856826,-0.146,1,0,0,,,,,,,,,,,,,,,,,,,,,,,,,,,,,,
1,1,0.240114613,1,1,0.241703246,0.15615142,0.259950249,0,0,0,0.007681679,0.120,0,0,0,,,,,,,,,,,,,,,,,,,,,,,,,,,,,,
0,1,0.026074499,0,1,0.233818883,0.302050473,0.476368159,1,0,0,0.006225869,-0.092,1,0,1,,,,,,,,,,,,,,,,,,,,,,,,,,,,,,
0,1,0.048997135,0,0,0.162244527,0.33044164,0.389303483,0,0,0,0.006610623,-0.036,0,1,0,,,,,,,,,,,,,,,,,,,,,,,,,,,,,,
0,1,0.048997135,1,0,0.120753767,0.042586751,0.292288557,0,1,0,0.006689961,-0.024,0,0,1,,,,,,,,,,,,,,,,,,,,,,,,,,,,,,
0,1,0.403008596,1,1,0.217155479,0.042586751,0.528606965,0,1,0,0.006719076,-0.020,0,0,0,,,,,,,,,,,,,,,,,,,,,,,,,,,,,,
0,1,0.296848138,0,0,0.144183186,0.042586751,0.976368159,0,0,0,0.006810763,-0.007,1,0,1,,,,,,,,,,,,,,,,,,,,,,,,,,,,,,
0,0,0.022922636,1,0,0.085777393,0.042586751,0.23880597,0,0,0,0.006429233,-0.062,1,0,0,,,,,,,,,,,,,,,,,,,,,,,,,,,,,,
0,1,0.22965616,1,0,0.136131071,0.042586751,0.976368159,0,0,1,0.006772589,-0.012,0,0,0,,,,,,,,,,,,,,,,,,,,,,,,,,,,,,
0,1,0.50243553,1,1,0.109961697,0.042586751,0.521144279,0,0,1,0.006729532,-0.019,1,0,1,,,,,,,,,,,,,,,,,,,,,,,,,,,,,,
0,1,0.029083095,0,0,0.255822406,0.042586751,0.389303483,0,0,1,0.006770942,-0.013,1,0,0,,,,,,,,,,,,,,,,,,,,,,,,,,,,,,
0,1,0.065186246,0,1,0.017586043,0.042586751,0.067164179,0,1,0,0.006784615,-0.011,1,0,0,,,,,,,,,,,,,,,,,,,,,,,,,,,,,,
0,1,0.039111748,0,1,0.041406883,0.042586751,0.554726368,0,0,1,0.006716016,-0.021,1,0,0,,,,,,,,,,,,,,,,,,,,,,,,,,,,,,
0,0,0.117335244,0,1,0.062627562,0.042586751,0.925373134,0,0,1,0.00686445,0.001,1,0,0,,,,,,,,,,,,,,,,,,,,,,,,,,,,,,
0,1,0.316905444,0,1,0.085218218,0.042586751,0.067164179,0,0,1,0.006779321,-0.011,1,0,1,,,,,,,,,,,,,,,,,,,,,,,,,,,,,,
0,1,0.035100287,0,0,0.298151928,0.042586751,0.389303483,0,0,0,0.006793652,-0.009,1,0,0,,,,,,,,,,,,,,,,,,,,,,,,,,,,,,
0,0,0.170773639,1,1,0.169933179,0.042586751,0.925373134,0,1,0,0.007704548,0.124,1,0,1,,,,,,,,,,,,,,,,,,,,,,,,,,,,,,
1,0,0.126361032,0,0,0.118069729,0.377760252,0.085820896,1,0,0,0,-1.000,0,1,0,,,,,,,,,,,,,,,,,,,,,,,,,,,,,,
0,1,0.013037249,0,1,0.103894651,0.042586751,0.36318408,0,0,0,0.006486138,-0.054,1,0,0,,,,,,,,,,,,,,,,,,,,,,,,,,,,,,
0,0,0.009025788,0,1,0.103391394,0.208201893,0.058457711,1,0,0,0,-1.000,1,0,0,,,,,,,,,,,,,,,,,,,,,,,,,,,,,,
0,1,0.002722063,0,1,0.113680208,0.173501577,0.273631841,0,0,0,0.006343181,-0.075,1,0,0,,,,,,,,,,,,,,,,,,,,,,,,,,,,,,
0,1,0.012034384,0,1,0.106690525,0.042586751,0.05721393,0,1,0,0.006491906,-0.053,0,0,1,,,,,,,,,,,,,,,,,,,,,,,,,,,,,,
0,0,0.018051576,0,1,0.180557497,0.257886435,0.074626866,1,0,0,0.001371499,-0.800,1,0,0,,,,,,,,,,,,,,,,,,,,,,,,,,,,,,
1,0,0.016475645,1,1,0.252663069,0.015772871,0.007462687,0,1,0,0.007063217,0.030,1,1,0,,,,,,,,,,,,,,,,,,,,,,,,,,,,,,
0,1,0.15243553,1,1,0.258282775,0.089116719,0.344527363,0,0,0,0.011441853,0.669,1,0,0,,,,,,,,,,,,,,,,,,,,,,,,,,,,,,
1,1,0.0247851,0,0,0.130203819,0.294952681,0.465174129,0,0,0,0.006171743,-0.100,1,0,0,,,,,,,,,,,,,,,,,,,,,,,,,,,,,,
0,0,0.044269341,0,0,0.043755417,0.042586751,0.067164179,0,0,0,0.006759234,-0.014,1,0,0,,,,,,,,,,,,,,,,,,,,,,,,,,,,,,
0,1,0.113323782,1,0,0.164537143,0.042586751,0.23880597,0,0,0,0.006838,-0.003,0,0,1,,,,,,,,,,,,,,,,,,,,,,,,,,,,,,
1,0,0.007593123,0,1,0.031761121,0.200315457,0.006218905,0,1,0,0.006960355,0.015,1,1,0,,,,,,,,,,,,,,,,,,,,,,,,,,,,,,
1,1,0.15,1,0,0.156960327,0.074921136,0.118159204,0,1,0,0.007874067,0.148,0,0,0,,,,,,,,,,,,,,,,,,,,,,,,,,,,,,
1,1,0.02965616,0,0,0.164984483,0.074921136,0.508706468,1,0,0,0.006872624,0.002,0,0,0,,,,,,,,,,,,,,,,,,,,,,,,,,,,,,
1,0,0.018481375,0,0,0.104901166,0.260252366,0.240049751,0,0,1,0.006171743,-0.100,1,0,0,,,,,,,,,,,,,,,,,,,,,,,,,,,,,,
0,1,0.251289398,1,1,0.165347946,0.042586751,0.521144279,0,1,0,0.006753581,-0.015,0,0,1,,,,,,,,,,,,,,,,,,,,,,,,,,,,,,
0,1,0.04713467,0,1,0.074426147,0.042586751,0.067164179,0,1,0,0.006751545,-0.015,0,0,1,,,,,,,,,,,,,,,,,,,,,,,,,,,,,,
0,1,0.01504298,0,1,0.110353119,0.241324921,0.380597015,0,1,0,0.006514618,-0.050,0,0,0,,,,,,,,,,,,,,,,,,,,,,,,,,,,,,
0,1,0.026074499,0,1,0.097296391,0.042586751,0.476368159,0,0,0,0.006468805,-0.057,0,0,1,,,,,,,,,,,,,,,,,,,,,,,,,,,,,,
1,1,0.032378223,0,1,0.071294769,0.074921136,0.118159204,0,1,0,0.006483448,-0.055,1,0,1,,,,,,,,,,,,,,,,,,,,,,,,,,,,,,
0,0,0.022063037,0,1,0.072189448,0.042586751,0.441542289,0,0,1,0.006514618,-0.050,1,0,1,,,,,,,,,,,,,,,,,,,,,,,,,,,,,,
0,0,0.013753582,0,1,0.028042609,0.042586751,0.369402985,0,0,0,0.006362229,-0.072,1,0,0,,,,,,,,,,,,,,,,,,,,,,,,,,,,,,
0,0,0.109455587,0,1,0.050353678,0.042586751,0.330845771,0,0,0,0.00672272,-0.020,0,0,0,,,,,,,,,,,,,,,,,,,,,,,,,,,,,,
0,1,0.242550143,1,1,0.18181564,0.042586751,0.482587065,0,1,0,0.006808511,-0.007,0,0,0,,,,,,,,,,,,,,,,,,,,,,,,,,,,,,
0,0,0.096275072,0,1,0.16724914,0.385646688,0.360696517,1,0,0,0.003697083,-0.461,0,0,0,,,,,,,,,,,,,,,,,,,,,,,,,,,,,,
0,1,0.050143266,0,0,0.065591187,0.042586751,0.476368159,0,0,0,0.006851717,-0.001,1,0,1,,,,,,,,,,,,,,,,,,,,,,,,,,,,,,
1,1,0.032808023,1,0,0.132971734,0.339116719,0.534825871,0,0,0,0.005952304,-0.132,0,0,0,,,,,,,,,,,,,,,,,,,,,,,,,,,,,,
0,1,0.102292264,0,0,0.121005396,0.042586751,0.976368159,0,0,0,0.006551073,-0.045,1,0,1,,,,,,,,,,,,,,,,,,,,,,,,,,,,,,
0,0,0.05730659,0,1,0.009422093,0.042586751,0.521144279,0,1,0,0.006583587,-0.040,1,0,0,,,,,,,,,,,,,,,,,,,,,,,,,,,,,,
0,1,0.101289398,0,1,0.125227165,0.042586751,0.067164179,0,0,1,0.006748408,-0.016,0,0,1,,,,,,,,,,,,,,,,,,,,,,,,,,,,,,
0,1,0.053151862,0,1,0.286912517,0.451104101,0.711442786,1,0,0,0.00676417,-0.014,0,0,1,,,,,,,,,,,,,,,,,,,,,,,,,,,,,,
1,0,0.118051576,0,0,0.102273045,0.108832808,0.120646766,0,1,0,0.006700871,-0.023,1,0,1,,,,,,,,,,,,,,,,,,,,,,,,,,,,,,
0,0,0.073925501,0,0,0.068331143,0.042586751,0.067164179,0,0,1,0.006843159,-0.002,1,0,1,,,,,,,,,,,,,,,,,,,,,,,,,,,,,,
0,1,0.045845272,0,1,0.02868566,0.042586751,0.64800995,0,1,0,0.006742173,-0.017,1,0,1,,,,,,,,,,,,,,,,,,,,,,,,,,,,,,
1,1,0.050573066,0,1,0.044398468,0.18533123,0.292288557,0,0,1,0.006672749,-0.027,1,1,0,,,,,,,,,,,,,,,,,,,,,,,,,,,,,,
0,1,0.114326648,1,0,0.257611765,0.042586751,0.067164179,0,0,0,0.006404324,-0.066,0,0,1,,,,,,,,,,,,,,,,,,,,,,,,,,,,,,
0,0,0.125358166,0,1,0.06684933,0.042586751,0.323383085,0,0,1,0.006923078,0.010,1,0,1,,,,,,,,,,,,,,,,,,,,,,,,,,,,,,
1,1,0.106160458,0,0,0.125450835,0.742902208,0.146766169,0,0,0,0.006857493,0.000,0,1,0,,,,,,,,,,,,,,,,,,,,,,,,,,,,,,
0,0,0.481232092,1,1,0.157603377,0.042586751,0.925373134,0,1,0,0.00685412,0.000,1,0,0,,,,,,,,,,,,,,,,,,,,,,,,,,,,,,
0,1,0.119340974,0,1,0.113121033,0.042586751,0.067164179,0,1,0,0.006753711,-0.015,0,0,1,,,,,,,,,,,,,,,,,,,,,,,,,,,,,,
1,1,0.11217765,0,1,0.094081136,0.049684543,0.078358209,0,1,0,0.006612257,-0.036,1,0,0,,,,,,,,,,,,,,,,,,,,,,,,,,,,,,
0,0,0.031232092,0,1,0.047501887,0.33044164,0.402985075,0,0,0,0.006543191,-0.046,1,1,0,,,,,,,,,,,,,,,,,,,,,,,,,,,,,,
0,1,0.035100287,0,0,0.05141611,0.042586751,0.067164179,0,0,1,0.00676084,-0.014,1,0,1,,,,,,,,,,,,,,,,,,,,,,,,,,,,,,
0,1,0.381805158,0,0,0.203595493,0.042586751,0.521144279,0,0,0,0.006784624,-0.011,1,0,0,,,,,,,,,,,,,,,,,,,,,,,,,,,,,,
0,1,0.119054441,0,0,0.020437834,0.042586751,0.521144279,0,0,1,0.006752189,-0.015,1,0,0,,,,,,,,,,,,,,,,,,,,,,,,,,,,,,
0,0,0.022063037,0,1,0.212542288,0.042586751,0.441542289,0,0,0,0.006504631,-0.051,0,0,1,,,,,,,,,,,,,,,,,,,,,,,,,,,,,,
1,1,0.153295129,0,1,0.158302346,1,0.060945274,0,0,0,0.006857493,0.000,1,1,0,,,,,,,,,,,,,,,,,,,,,,,,,,,,,,
0,0,0.008022923,0,0,0.126764895,0.202681388,0.319651741,0,0,0,0.006343181,-0.075,1,0,1,,,,,,,,,,,,,,,,,,,,,,,,,,,,,,
0,1,0.31991404,0,0,0.134872928,0.042586751,0.536069652,1,0,0,0.006009854,-0.124,0,0,0,,,,,,,,,,,,,,,,,,,,,,,,,,,,,,
0,1,0.132378223,0,1,0.15600973,0.042586751,0.058457711,0,1,0,0.006781688,-0.011,0,0,0,,,,,,,,,,,,,,,,,,,,,,,,,,,,,,
0,1,0.011031519,0,1,0.036793693,0.042586751,0.067164179,0,1,0,0.006339819,-0.075,0,0,1,,,,,,,,,,,,,,,,,,,,,,,,,,,,,,
0,0,0.279799427,0,1,0.122291498,0.089116719,0.595771144,0,1,0,0.007455786,0.087,1,0,1,,,,,,,,,,,,,,,,,,,,,,,,,,,,,,
1,0,0.056876791,0,0,0.062152263,0.493690852,0.793532338,1,0,0,0.001959284,-0.714,0,1,0,,,,,,,,,,,,,,,,,,,,,,,,,,,,,,
0,1,0.048997135,0,1,0.23653088,0.042586751,0.389303483,0,1,0,0.006787572,-0.010,0,0,1,,,,,,,,,,,,,,,,,,,,,,,,,,,,,,
0,1,0.109169054,0,0,0.092347695,0.042586751,0.067164179,0,0,0,0.006759065,-0.014,1,0,1,,,,,,,,,,,,,,,,,,,,,,,,,,,,,,
0,1,0.232664756,1,1,0.050689183,0.042586751,0.521144279,0,1,0,0.006769325,-0.013,0,0,1,,,,,,,,,,,,,,,,,,,,,,,,,,,,,,
0,0,0.023209169,0,1,0,0.042586751,0.292288557,0,1,0,0.006467862,-0.057,1,0,0,,,,,,,,,,,,,,,,,,,,,,,,,,,,,,
0,1,0.048997135,0,0,0.092263819,0.042586751,0.049751244,0,1,0,0.006604091,-0.037,0,0,1,,,,,,,,,,,,,,,,,,,,,,,,,,,,,,
0,0,0.009169054,0,1,0.152570805,0.208990536,0.32960199,0,1,0,0.006343181,-0.075,1,0,0,,,,,,,,,,,,,,,,,,,,,,,,,,,,,,
0,1,0.035386819,0,0,0.163670422,0.353312303,0.55721393,0,1,0,0.006771774,-0.013,1,1,0,,,,,,,,,,,,,,,,,,,,,,,,,,,,,,
0,1,0.018911175,0,1,0.113903878,0.042586751,0.084577114,0,0,0,0.006269708,-0.086,0,0,1,,,,,,,,,,,,,,,,,,,,,,,,,,,,,,
1,1,0.143123209,0,1,0.108899265,0.086750789,0.144278607,0,1,0,0.007204614,0.051,1,1,0,,,,,,,,,,,,,,,,,,,,,,,,,,,,,,
0,0,0.203438395,0,0,0.205245058,0.042586751,0.385572139,0,0,0,0.006596887,-0.038,1,0,0,,,,,,,,,,,,,,,,,,,,,,,,,,,,,,
0,1,0.036103152,1,0,0.091620768,0.042586751,0.171641791,0,0,0,0.006839301,-0.003,1,0,0,,,,,,,,,,,,,,,,,,,,,,,,,,,,,,
0,1,0.026074499,0,0,0.095087651,0.302050473,0.476368159,1,0,0,0.001900135,-0.723,1,0,0,,,,,,,,,,,,,,,,,,,,,,,,,,,,,,
0,1,0.026074499,1,0,0.089188358,0.042586751,0.476368159,0,0,1,0.006685735,-0.025,0,0,0,,,,,,,,,,,,,,,,,,,,,,,,,,,,,,
0,1,0.053151862,0,1,0.042105852,0.042586751,0.711442786,0,0,0,0.006775834,-0.012,1,0,0,,,,,,,,,,,,,,,,,,,,,,,,,,,,,,
0,1,0.336962751,1,0,0.112869405,0.042586751,0.521144279,0,0,1,0.006825554,-0.005,0,0,0,,,,,,,,,,,,,,,,,,,,,,,,,,,,,,
0,1,0.211604585,0,1,0.078731792,0.042586751,0.067164179,0,0,1,0.006720996,-0.020,1,0,1,,,,,,,,,,,,,,,,,,,,,,,,,,,,,,
0,0,0.021060172,0,0,0.066541784,0.042586751,0.432835821,0,0,0,0.006512993,-0.050,1,0,1,,,,,,,,,,,,,,,,,,,,,,,,,,,,,,
0,1,0.148853868,0,1,0.184387844,0.042586751,0.36318408,0,1,0,0.006749859,-0.016,1,0,1,,,,,,,,,,,,,,,,,,,,,,,,,,,,,,
0,1,0.074212034,0,0,0.117594431,0.042586751,0.067164179,0,0,1,0.0067714,-0.013,1,0,1,,,,,,,,,,,,,,,,,,,,,,,,,,,,,,
0,1,0.032091691,0,0,0.11717505,0.042586751,0.049751244,0,1,0,0.006770157,-0.013,0,1,0,,,,,,,,,,,,,,,,,,,,,,,,,,,,,,
0,0,0.117335244,0,1,0.077585484,0.042586751,0.369402985,0,0,1,0.006845193,-0.002,1,0,0,,,,,,,,,,,,,,,,,,,,,,,,,,,,,,
0,0,0.023065903,0,0,0.094304806,0.042586751,0.450248756,0,0,0,0.006545789,-0.045,1,0,1,,,,,,,,,,,,,,,,,,,,,,,,,,,,,,
0,1,0.065186246,0,0,0.087958174,0.042586751,0.563432836,0,0,0,0.006784647,-0.011,1,0,0,,,,,,,,,,,,,,,,,,,,,,,,,,,,,,
0,1,0.225644699,1,1,0.091145469,0.042586751,0.067164179,0,0,1,0.006711576,-0.021,1,0,1,,,,,,,,,,,,,,,,,,,,,,,,,,,,,,
0,1,0.091260745,0,1,0.081527665,0.042586751,0.058457711,0,1,0,0.00677588,-0.012,1,0,0,,,,,,,,,,,,,,,,,,,,,,,,,,,,,,
0,1,0.054154728,0,1,0.093941343,0.042586751,0.720149254,0,1,0,0.006744842,-0.016,1,0,0,,,,,,,,,,,,,,,,,,,,,,,,,,,,,,
0,0,0.038108883,0,0,0.036234518,0.042586751,0.067164179,0,0,1,0.006532715,-0.047,1,0,1,,,,,,,,,,,,,,,,,,,,,,,,,,,,,,
0,1,0.237679083,1,1,0.092151984,0.042586751,0.747512438,0,1,0,0.006816172,-0.006,0,0,1,,,,,,,,,,,,,,,,,,,,,,,,,,,,,,
0,0,0.052148997,0,1,0.171023569,0.042586751,0.702736318,0,0,1,0.006505741,-0.051,1,0,1,,,,,,,,,,,,,,,,,,,,,,,,,,,,,,
1,0,0.016189112,0,0,0.068862359,0.247634069,0.120646766,0,0,1,0.006416239,-0.064,1,0,0,,,,,,,,,,,,,,,,,,,,,,,,,,,,,,
0,1,0.032808023,0,0,0.149103923,0.042586751,0.528606965,0,1,0,0.006808511,-0.007,1,0,0,,,,,,,,,,,,,,,,,,,,,,,,,,,,,,
1,0,0.247421203,0,1,0.23256074,0.556782334,0.735074627,0,1,0,0.007069431,0.031,1,1,0,,,,,,,,,,,,,,,,,,,,,,,,,,,,,,
0,1,0.177507163,0,1,0.293930159,0.33044164,0.125621891,1,0,0,0.012339801,0.799,0,0,1,,,,,,,,,,,,,,,,,,,,,,,,,,,,,,
0,0,0.059169054,1,1,0.141163642,0.042586751,0.763681592,0,1,0,0.006444955,-0.060,0,0,1,,,,,,,,,,,,,,,,,,,,,,,,,,,,,,
0,1,0.028796562,0,1,0.028769536,0.042586751,0.5,0,1,0,0.006780555,-0.011,1,0,0,,,,,,,,,,,,,,,,,,,,,,,,,,,,,,
0,1,0.057593123,0,1,0.069225823,0.042586751,0.528606965,0,1,0,0.006773555,-0.012,1,0,0,,,,,,,,,,,,,,,,,,,,,,,,,,,,,,
0,0,0.068194842,0,1,0.13481701,0.315457413,0.128109453,1,0,0,0.000448621,-0.935,0,0,0,,,,,,,,,,,,,,,,,,,,,,,,,,,,,,
0,0,0,0,0,0.102468756,0.161671924,0.25,1,0,0,0.002057248,-0.700,1,0,0,,,,,,,,,,,,,,,,,,,,,,,,,,,,,,
0,1,0.048997135,0,0,0.32591495,0.042586751,0.121890547,1,0,0,0.004537604,-0.338,1,0,0,,,,,,,,,,,,,,,,,,,,,,,,,,,,,,
0,0,0.044126074,0,1,0.1451897,0.042586751,0.633084577,0,0,0,0.006407995,-0.066,0,0,0,,,,,,,,,,,,,,,,,,,,,,,,,,,,,,
1,0,0.090114613,0,1,0.048424525,0.085962145,0.539800995,0,1,0,0.007529381,0.098,1,0,0,,,,,,,,,,,,,,,,,,,,,,,,,,,,,,
0,0,0.266618911,0,1,0.134705175,0.042586751,0.925373134,0,1,0,0.007013228,0.023,1,0,0,,,,,,,,,,,,,,,,,,,,,,,,,,,,,,
0,0,0.645988539,0,1,0.172309671,0.042586751,0.982587065,0,1,0,0.006724095,-0.019,1,0,0,,,,,,,,,,,,,,,,,,,,,,,,,,,,,,
0,1,0.261747851,0,0,0.088517348,0.042586751,0.976368159,0,0,1,0.006764341,-0.014,1,0,1,,,,,,,,,,,,,,,,,,,,,,,,,,,,,,
0,1,0.005014327,0,1,0.12245925,0.042586751,0.038557214,0,0,1,0.006338187,-0.076,1,0,0,,,,,,,,,,,,,,,,,,,,,,,,,,,,,,
0,1,0.049856734,0,1,0.061872676,0.042586751,0.067164179,0,1,0,0.006759287,-0.014,1,0,1,,,,,,,,,,,,,,,,,,,,,,,,,,,,,,
0,1,0.054154728,0,0,0.054407694,0.042586751,0.720149254,0,0,1,0.006767644,-0.013,1,0,0,,,,,,,,,,,,,,,,,,,,,,,,,,,,,,
0,1,0.029083095,0,1,0.050856935,0.042586751,0.067164179,0,0,0,0.006781701,-0.011,1,0,1,,,,,,,,,,,,,,,,,,,,,,,,,,,,,,
1,1,0.133954155,0,0,0.072664747,0.215299685,0.339552239,0,0,0,0.006855319,0.000,1,0,0,,,,,,,,,,,,,,,,,,,,,,,,,,,,,,
1,1,0.008309456,1,1,0.366259401,0.204258675,0.036069652,0,0,0,0.006880351,0.003,1,0,0,,,,,,,,,,,,,,,,,,,,,,,,,,,,,,
0,1,0.080229226,1,1,0.243240976,0.602523659,0.109452736,1,0,0,0.011295687,0.647,0,0,0,,,,,,,,,,,,,,,,,,,,,,,,,,,,,,
1,1,0.004727794,0,1,0.006710096,0.086750789,0.291044776,0,1,0,0.006694219,-0.024,1,0,0,,,,,,,,,,,,,,,,,,,,,,,,,,,,,,
0,0,0.029226361,0,0,0.102496715,0.042586751,0.503731343,0,1,0,0.006603138,-0.037,1,0,1,,,,,,,,,,,,,,,,,,,,,,,,,,,,,,
1,1,0.010744986,1,1,0.157351749,0.119873817,0.05721393,0,1,0,0.006127449,-0.106,0,0,0,,,,,,,,,,,,,,,,,,,,,,,,,,,,,,
0,1,0.216618911,0,1,0.228674476,0.042586751,0.976368159,0,0,1,0.006779241,-0.011,1,0,0,,,,,,,,,,,,,,,,,,,,,,,,,,,,,,
0,1,0.469340974,1,0,0.195012162,0.137223975,0.21641791,0,0,1,0.006496015,-0.053,1,0,1,,,,,,,,,,,,,,,,,,,,,,,,,,,,,,
1,0,0.070773639,0,1,0.154807504,0.044952681,0.560945274,0,1,0,0.006877979,0.003,1,0,1,,,,,,,,,,,,,,,,,,,,,,,,,,,,,,
0,1,0.048137536,0,1,0.084826796,0.042586751,0.521144279,0,1,0,0.00677584,-0.012,1,0,1,,,,,,,,,,,,,,,,,,,,,,,,,,,,,,
0,1,0.149426934,0,0,0.050633265,0.042586751,0.476368159,0,0,1,0.006765061,-0.013,1,0,0,,,,,,,,,,,,,,,,,,,,,,,,,,,,,,
0,1,0.048997135,0,0,0.053373221,0.042586751,0.292288557,0,1,0,0.006781696,-0.011,1,0,1,,,,,,,,,,,,,,,,,,,,,,,,,,,,,,
1,1,0.078939828,0,0,0.361059077,0.593059937,0.935323383,0,0,0,0.006857493,0.000,1,0,0,,,,,,,,,,,,,,,,,,,,,,,,,,,,,,
0,1,0.100286533,0,1,0.10017614,0.042586751,0.067164179,0,1,0,0.006774969,-0.012,0,0,1,,,,,,,,,,,,,,,,,,,,,,,,,,,,,,
0,0,0.053151862,0,0,0.126820812,0.042586751,0.518656716,0,0,1,0.006707879,-0.022,1,1,0,,,,,,,,,,,,,,,,,,,,,,,,,,,,,,
0,0,0.021060172,0,1,0.053513015,0.042586751,0.432835821,0,0,0,0.006540254,-0.046,1,0,1,,,,,,,,,,,,,,,,,,,,,,,,,,,,,,
0,1,0.290544413,0,1,0.061928593,0.33044164,0.549751244,0,0,0,0.0068061,-0.007,1,1,0,,,,,,,,,,,,,,,,,,,,,,,,,,,,,,
0,0,0.180659026,0,1,0.11717505,0.042586751,0.925373134,0,1,0,0.007038285,0.026,1,0,1,,,,,,,,,,,,,,,,,,,,,,,,,,,,,,
1,0,0.045272206,0,1,1,0.018138801,0.380597015,0,0,0,0.006857493,0.000,1,0,0,,,,,,,,,,,,,,,,,,,,,,,,,,,,,,
0,0,0.00487106,0,1,0.093130539,0.187697161,0.292288557,0,1,0,0.006343181,-0.075,1,0,1,,,,,,,,,,,,,,,,,,,,,,,,,,,,,,
0,1,0.013037249,1,1,0.201526547,0.042586751,0.36318408,0,1,0,0.005887408,-0.141,0,0,1,,,,,,,,,,,,,,,,,,,,,,,,,,,,,,
0,1,0.226217765,1,0,0.114630805,0.042586751,0.067164179,0,1,0,0.006766779,-0.013,0,0,0,,,,,,,,,,,,,,,,,,,,,,,,,,,,,,
0,0,0.003008596,0,1,0.091453015,0.175078864,0.276119403,1,0,0,0,-1.000,0,0,0,,,,,,,,,,,,,,,,,,,,,,,,,,,,,,
0,1,0.195558739,0,1,0.229009981,0.042586751,0.528606965,0,1,0,0.006790576,-0.010,1,0,1,,,,,,,,,,,,,,,,,,,,,,,,,,,,,,
0,0,0.091404011,0,0,0.075097157,0.042586751,0.067164179,0,0,0,0.006425164,-0.063,1,0,0,,,,,,,,,,,,,,,,,,,,,,,,,,,,,,
0,1,0.04512894,0,0,0.025749993,0.042586751,0.223880597,0,0,0,0.006784585,-0.011,1,0,1,,,,,,,,,,,,,,,,,,,,,,,,,,,,,,
0,1,0.535673352,1,1,0.187798809,0.089116719,0.976368159,0,1,0,0.009333816,0.361,0,0,1,,,,,,,,,,,,,,,,,,,,,,,,,,,,,,
0,1,0.114326648,0,0,0.054575447,0.042586751,0.747512438,0,0,1,0.006797707,-0.009,1,0,1,,,,,,,,,,,,,,,,,,,,,,,,,,,,,,
0,1,0.392120344,0,1,0.111108005,0.042586751,0.976368159,0,1,0,0.006804248,-0.008,1,0,0,,,,,,,,,,,,,,,,,,,,,,,,,,,,,,
0,0,0.074212034,1,1,0.245533592,0.315457413,0.058457711,1,0,0,0.000448621,-0.935,0,0,0,,,,,,,,,,,,,,,,,,,,,,,,,,,,,,
1,0,0.151862464,0,0,0.187099841,0.190851735,0.728855721,0,0,1,0.007055026,0.029,1,1,0,,,,,,,,,,,,,,,,,,,,,,,,,,,,,,
0,1,0.021776504,1,1,0.136634328,0.042586751,0.23880597,0,1,0,0.006525396,-0.048,0,0,0,,,,,,,,,,,,,,,,,,,,,,,,,,,,,,